year,rain_mm,rain_smooth_5y,area_ha,production_t,yield_kg_ha,rain_prev_mm,rain_anom_mm,rain_anom_pct,production_t_detr_pct,yield_kg_ha_detr_pct,drought,period
1961,319.08,269.26,2161829,1142799,528.6,,16.234375,5.360610707,-32.89151098,-23.45249115,FALSE,1961-80
1962,248.39,291.26,2268047,2238756,987.1,319.08,-54.455625,-17.98131474,27.49887727,39.77792628,TRUE,1961-80
1963,410.53,313.13,2478681,2033301,820.3,248.39,107.684375,35.55751383,12.40586202,13.64144876,FALSE,1961-80
1964,293.02,331.52,2349417,1791141,762.4,410.53,-9.825625,-3.244433529,-3.799440871,3.380227131,FALSE,1961-80
1965,332.71,345.25,2001153,1788800,893.9,293.02,29.864375,9.861253568,-6.583829659,18.69418724,FALSE,1961-80
1966,277.54,353.91,1275734,788948,618.4,332.71,-25.305625,-8.355948678,-59.90836142,-19.55792649,FALSE,1961-80
1967,421.42,356.99,1944724,1691715,869.9,277.54,118.574375,39.1534053,-16.28702032,10.90117934,FALSE,1961-80
1968,396.63,353.99,1625577,1167475,718.2,421.42,93.784375,30.96771664,-43.70470842,-10.22860201,FALSE,1961-80
1969,392.07,344.78,1931088,1664463,861.9,396.63,89.224375,29.461999,-21.73976515,5.667450929,FALSE,1961-80
1970,225.38,331.37,2551385,884104,346.5,392.07,-77.465625,-25.5792452,-59.44143809,-58.31891134,TRUE,1961-80
1971,345.77,316.68,1934659,1138861,588.7,225.38,42.924375,14.17368172,-48.99428713,-30.49195659,FALSE,1961-80
1972,301.18,303.6,2039861,2563189,1256.6,345.77,-1.665625,-0.549991435,12.13529081,45.67714381,FALSE,1961-80
1973,198.84,295.12,2470303,725842,293.8,301.18,-104.005625,-34.34278603,-68.96506659,-66.54644414,TRUE,1961-80
1974,371.93,293.85,2319546,2323962,1001.9,198.84,69.084375,22.81174608,-2.835463695,12.08532651,FALSE,1961-80
1975,311.57,299.15,2786752,2196641,788.2,371.93,8.724375,2.880799417,-10.14937458,-13.33820468,FALSE,1961-80
1976,374.5,308.29,2840392,2919131,1027.7,311.57,71.654375,23.66036326,16.86997213,11.08435993,FALSE,1961-80
1977,298.31,318.44,2632432,1639217,622.7,374.5,-4.535625,-1.497668986,-35.73586746,-33.81114456,FALSE,1961-80
1978,274.88,326.85,2665306,2456051,921.5,298.31,-27.965625,-9.234283969,-5.672159153,-3.6524152,FALSE,1961-80
1979,313.91,330.8,2619295,1763198,673.2,274.88,11.064375,3.653470312,-33.63274984,-30.74594055,FALSE,1961-80
1980,343.37,329.66,2734701,3884236,1420.4,313.91,40.524375,13.38119875,43.3446145,43.8069472,FALSE,1961-80
1981,358.11,324.83,2676133,3559272,1330,343.37,55.264375,18.24836499,28.83269623,32.55552264,FALSE,1981-2000
1982,310.55,317.83,2882717,2283042,792,358.11,7.704375,2.543994155,-18.91738154,-22.27622485,FALSE,1981-2000
1983,304.72,310.16,2879931,2695630,936,310.55,1.874375,0.618920944,-6.032659999,-9.533165147,FALSE,1981-2000
1984,276.98,303.3,2471315,1444371,584.5,304.72,-25.865625,-8.540861371,-50.5636487,-44.34782311,FALSE,1981-2000
1985,261.82,298.21,2719482,2542958,935.1,276.98,-41.025625,-13.54671212,-14.5128742,-12.27242795,FALSE,1981-2000
1986,298.72,294.97,2713741,3166999,1167,261.82,-4.125625,-1.362286478,4.602284321,7.900344739,FALSE,1981-2000
1987,343.8,293.56,2823735,2300477,814.7,298.72,40.954375,13.52318529,-25.32488425,-25.74692526,FALSE,1981-2000
1988,451.22,294.01,3011928,5001600,1660.6,343.8,148.374375,48.99340217,59.61005423,49.22265538,FALSE,1981-2000
1989,172.96,296.31,4196100,1404498,334.7,451.22,-129.885625,-42.88839405,-55.92524598,-70.34047177,TRUE,1981-2000
1990,201.13,300.17,4134422,3100767,750,172.96,-101.715625,-33.5866252,-4.285993608,-34.44708391,TRUE,1981-2000
1991,330.85,304.57,3565164,3288640,922.4,201.13,28.004375,9.247079267,-0.120468754,-20.46588795,FALSE,1981-2000
1992,346.18,308.38,3711678,4360612,1174.8,330.85,43.334375,14.30906423,30.33885547,-0.050538154,FALSE,1981-2000
1993,285.81,310.45,3617288,5387053,1489.3,346.18,-17.035625,-5.625184448,58.5086492,25.04259927,FALSE,1981-2000
1994,381.33,309.66,3510258,5393352.46,1536.5,285.81,78.484375,25.91563771,56.25767895,27.33346102,FALSE,1981-2000
1995,224.21,305.35,3669514,6095329,1661.1,381.33,-78.635625,-25.96558065,73.92537198,35.89794789,TRUE,1981-2000
1996,363.36,298.72,3232998,5991428,1853.2,224.21,60.514375,19.98192148,68.41418051,49.69857415,FALSE,1981-2000
1997,312.01,291.51,3395141,4322580,1273.2,363.36,9.164375,3.026087961,19.72097303,1.563948958,FALSE,1981-2000
1998,261.01,285.41,3326214,5271967,1585,312.01,-41.835625,-13.81417513,43.90382027,24.8784205,FALSE,1981-2000
1999,184.58,282.11,3078578,3301339,1072.4,261.01,-118.265625,-39.05145567,-11.17134763,-16.53660101,TRUE,1981-2000
2000,289.07,282.97,3058195,3512791,1148.6,184.58,-13.775625,-4.548728416,-6.81052423,-11.68111885,FALSE,1981-2000
2001,331.42,286.94,3049377,5161232,1692.6,289.07,28.574375,9.435293972,35.02226067,28.60189945,FALSE,2001-10
2002,308.02,292,2975861,5932429,1993.5,331.42,5.174375,1.708585026,53.07541536,49.68521911,FALSE,2001-10
2003,369.2,296.16,3115150,6227315,1999,308.02,66.354375,21.91029671,58.51699656,48.35596097,FALSE,2001-10
2004,295.54,297.38,3186202,5281248,1657.5,369.2,-7.305625,-2.412326412,32.64555149,21.60006012,FALSE,2001-10
2005,255.24,293.87,3290415,5631256,1711.4,295.54,-47.605625,-15.71943626,39.57880003,24.13007187,TRUE,2001-10
2006,285.11,286.22,3147586,6302288,2002.3,255.24,-17.735625,-5.856325314,54.1861707,43.60043123,FALSE,2001-10
2007,259.03,276.61,3088482,5010856,1622.4,285.11,-43.815625,-14.46797358,21.02221109,15.06421951,TRUE,2001-10
2008,183.77,267.18,2993982,2684688,896.7,259.03,-119.075625,-39.31891867,-35.97875641,-37.101726,TRUE,2001-10
2009,293.4,260.19,2774850,4738674,1707.7,183.77,-9.445625,-3.118957059,11.59213654,18.48533724,FALSE,2001-10
2010,223.46,257.7,3166445,3900866,1231.9,293.4,-79.385625,-26.21323158,-9.269793105,-15.44464797,TRUE,2001-10
2011,304.65,260.2,2874494,4826260,1679,223.46,1.804375,0.595806857,10.88726404,14.01946812,FALSE,2011-24
2012,360.37,266.54,2797563,4597674,1643.5,304.65,57.524375,18.99461978,4.364690861,10.43575,FALSE,2011-24
2013,278.83,275.44,2668191,4205161,1576,360.37,-24.015625,-7.929989083,-5.679662249,4.798682105,FALSE,2011-24
2014,262.47,285.69,2534198,2694207.88,1063.1,278.83,-40.375625,-13.33208132,-40.27963161,-30.03508116,FALSE,2011-24
2015,282.63,296.05,2300160,4383804,1905.9,262.47,-20.215625,-6.675224382,-3.955813439,24.15349505,FALSE,2011-24
2016,298.45,305.38,2400266,2661613,1108.9,282.63,-4.395625,-1.451440812,-42.35628275,-28.49293899,FALSE,2011-24
2017,197.63,312.62,2379322,2934757.33,1233.4,298.45,-105.215625,-34.74232953,-37.16182198,-21.2587379,TRUE,2011-24
2018,370.27,316.8,2312042,1733917.83,750,197.63,67.424375,22.26361203,-63.29035961,-52.5927381,FALSE,2011-24
2019,380.62,316.9,2884101,6356135.92,2203.9,370.27,77.774375,25.68119483,33.0759841,37.94409777,FALSE,2011-24
2020,326.59,311.9,2904822,5322400.4,1832.3,380.62,23.744375,7.840421997,10.21035583,13.57351553,FALSE,2011-24
2021,237.42,301.39,3065229,2514776.43,820.4,326.59,-65.425625,-21.60362231,-48.49197663,-49.63646497,TRUE,2011-24
2022,277.85,286.3,2396243,2276238,949.9,237.42,-24.995625,-8.253586295,-53.87833519,-42.24114896,FALSE,2011-24
2023,299.11,267.78,2688604,4878705,1814.6,277.85,-3.735625,-1.233507996,-2.196648691,9.297680963,FALSE,2011-24
2024,291.59,246.9,2695375,4330802,1606.8,299.11,-11.255625,-3.716621298,-14.09303236,-4.121818223,FALSE,2011-24
