Domain Code,Domain,Area Code,Area,Element Code,Element,Item Code,Item,Year Code,Year,Unit,Value,Flag,Flag Description,Note
"QCL","Crops and livestock products","212","Syrian Arab Republic","5312","Area harvested","1717","Cereals, primary","1961","1961","ha","2161829","A","Official value",""
"QCL","Crops and livestock products","212","Syrian Arab Republic","5412","Yield","1717","Cereals, primary","1961","1961","kg/ha","528.6","A","Official value",""
"QCL","Crops and livestock products","212","Syrian Arab Republic","5510","Production","1717","Cereals, primary","1961","1961","t","1142799","A","Official value",""
"QCL","Crops and livestock products","212","Syrian Arab Republic","5312","Area harvested","1717","Cereals, primary","1962","1962","ha","2268047","A","Official value",""
"QCL","Crops and livestock products","212","Syrian Arab Republic","5412","Yield","1717","Cereals, primary","1962","1962","kg/ha","987.1","A","Official value",""
"QCL","Crops and livestock products","212","Syrian Arab Republic","5510","Production","1717","Cereals, primary","1962","1962","t","2238756","A","Official value",""
"QCL","Crops and livestock products","212","Syrian Arab Republic","5312","Area harvested","1717","Cereals, primary","1963","1963","ha","2478681","A","Official value",""
"QCL","Crops and livestock products","212","Syrian Arab Republic","5412","Yield","1717","Cereals, primary","1963","1963","kg/ha","820.3","A","Official value",""
"QCL","Crops and livestock products","212","Syrian Arab Republic","5510","Production","1717","Cereals, primary","1963","1963","t","2033301","A","Official value",""
"QCL","Crops and livestock products","212","Syrian Arab Republic","5312","Area harvested","1717","Cereals, primary","1964","1964","ha","2349417","A","Official value",""
"QCL","Crops and livestock products","212","Syrian Arab Republic","5412","Yield","1717","Cereals, primary","1964","1964","kg/ha","762.4","A","Official value",""
"QCL","Crops and livestock products","212","Syrian Arab Republic","5510","Production","1717","Cereals, primary","1964","1964","t","1791141","A","Official value",""
"QCL","Crops and livestock products","212","Syrian Arab Republic","5312","Area harvested","1717","Cereals, primary","1965","1965","ha","2001153","A","Official value",""
"QCL","Crops and livestock products","212","Syrian Arab Republic","5412","Yield","1717","Cereals, primary","1965","1965","kg/ha","893.9","A","Official value",""
"QCL","Crops and livestock products","212","Syrian Arab Republic","5510","Production","1717","Cereals, primary","1965","1965","t","1788800","A","Official value",""
"QCL","Crops and livestock products","212","Syrian Arab Republic","5312","Area harvested","1717","Cereals, primary","1966","1966","ha","1275734","A","Official value",""
"QCL","Crops and livestock products","212","Syrian Arab Republic","5412","Yield","1717","Cereals, primary","1966","1966","kg/ha","618.4","A","Official value",""
"QCL","Crops and livestock products","212","Syrian Arab Republic","5510","Production","1717","Cereals, primary","1966","1966","t","788948","A","Official value",""
"QCL","Crops and livestock products","212","Syrian Arab Republic","5312","Area harvested","1717","Cereals, primary","1967","1967","ha","1944724","A","Official value",""
"QCL","Crops and livestock products","212","Syrian Arab Republic","5412","Yield","1717","Cereals, primary","1967","1967","kg/ha","869.9","A","Official value",""
"QCL","Crops and livestock products","212","Syrian Arab Republic","5510","Production","1717","Cereals, primary","1967","1967","t","1691715","A","Official value",""
"QCL","Crops and livestock products","212","Syrian Arab Republic","5312","Area harvested","1717","Cereals, primary","1968","1968","ha","1625577","A","Official value",""
"QCL","Crops and livestock products","212","Syrian Arab Republic","5412","Yield","1717","Cereals, primary","1968","1968","kg/ha","718.2","A","Official value",""
"QCL","Crops and livestock products","212","Syrian Arab Republic","5510","Production","1717","Cereals, primary","1968","1968","t","1167475","A","Official value",""
"QCL","Crops and livestock products","212","Syrian Arab Republic","5312","Area harvested","1717","Cereals, primary","1969","1969","ha","1931088","A","Official value",""
"QCL","Crops and livestock products","212","Syrian Arab Republic","5412","Yield","1717","Cereals, primary","1969","1969","kg/ha","861.9","A","Official value",""
"QCL","Crops and livestock products","212","Syrian Arab Republic","5510","Production","1717","Cereals, primary","1969","1969","t","1664463","A","Official value",""
"QCL","Crops and livestock products","212","Syrian Arab Republic","5312","Area harvested","1717","Cereals, primary","1970","1970","ha","2551385","A","Official value",""
"QCL","Crops and livestock products","212","Syrian Arab Republic","5412","Yield","1717","Cereals, primary","1970","1970","kg/ha","346.5","A","Official value",""
"QCL","Crops and livestock products","212","Syrian Arab Republic","5510","Production","1717","Cereals, primary","1970","1970","t","884104","A","Official value",""
"QCL","Crops and livestock products","212","Syrian Arab Republic","5312","Area harvested","1717","Cereals, primary","1971","1971","ha","1934659","A","Official value",""
"QCL","Crops and livestock products","212","Syrian Arab Republic","5412","Yield","1717","Cereals, primary","1971","1971","kg/ha","588.7","A","Official value",""
"QCL","Crops and livestock products","212","Syrian Arab Republic","5510","Production","1717","Cereals, primary","1971","1971","t","1138861","A","Official value",""
"QCL","Crops and livestock products","212","Syrian Arab Republic","5312","Area harvested","1717","Cereals, primary","1972","1972","ha","2039861","A","Official value",""
"QCL","Crops and livestock products","212","Syrian Arab Republic","5412","Yield","1717","Cereals, primary","1972","1972","kg/ha","1256.6","A","Official value",""
"QCL","Crops and livestock products","212","Syrian Arab Republic","5510","Production","1717","Cereals, primary","1972","1972","t","2563189","A","Official value",""
"QCL","Crops and livestock products","212","Syrian Arab Republic","5312","Area harvested","1717","Cereals, primary","1973","1973","ha","2470303","A","Official value",""
"QCL","Crops and livestock products","212","Syrian Arab Republic","5412","Yield","1717","Cereals, primary","1973","1973","kg/ha","293.8","A","Official value",""
"QCL","Crops and livestock products","212","Syrian Arab Republic","5510","Production","1717","Cereals, primary","1973","1973","t","725842","A","Official value",""
"QCL","Crops and livestock products","212","Syrian Arab Republic","5312","Area harvested","1717","Cereals, primary","1974","1974","ha","2319546","A","Official value",""
"QCL","Crops and livestock products","212","Syrian Arab Republic","5412","Yield","1717","Cereals, primary","1974","1974","kg/ha","1001.9","A","Official value",""
"QCL","Crops and livestock products","212","Syrian Arab Republic","5510","Production","1717","Cereals, primary","1974","1974","t","2323962","A","Official value",""
"QCL","Crops and livestock products","212","Syrian Arab Republic","5312","Area harvested","1717","Cereals, primary","1975","1975","ha","2786752","A","Official value",""
"QCL","Crops and livestock products","212","Syrian Arab Republic","5412","Yield","1717","Cereals, primary","1975","1975","kg/ha","788.2","A","Official value",""
"QCL","Crops and livestock products","212","Syrian Arab Republic","5510","Production","1717","Cereals, primary","1975","1975","t","2196641","A","Official value",""
"QCL","Crops and livestock products","212","Syrian Arab Republic","5312","Area harvested","1717","Cereals, primary","1976","1976","ha","2840392","A","Official value",""
"QCL","Crops and livestock products","212","Syrian Arab Republic","5412","Yield","1717","Cereals, primary","1976","1976","kg/ha","1027.7","A","Official value",""
"QCL","Crops and livestock products","212","Syrian Arab Republic","5510","Production","1717","Cereals, primary","1976","1976","t","2919131","A","Official value",""
"QCL","Crops and livestock products","212","Syrian Arab Republic","5312","Area harvested","1717","Cereals, primary","1977","1977","ha","2632432","A","Official value",""
"QCL","Crops and livestock products","212","Syrian Arab Republic","5412","Yield","1717","Cereals, primary","1977","1977","kg/ha","622.7","A","Official value",""
"QCL","Crops and livestock products","212","Syrian Arab Republic","5510","Production","1717","Cereals, primary","1977","1977","t","1639217","A","Official value",""
"QCL","Crops and livestock products","212","Syrian Arab Republic","5312","Area harvested","1717","Cereals, primary","1978","1978","ha","2665306","A","Official value",""
"QCL","Crops and livestock products","212","Syrian Arab Republic","5412","Yield","1717","Cereals, primary","1978","1978","kg/ha","921.5","A","Official value",""
"QCL","Crops and livestock products","212","Syrian Arab Republic","5510","Production","1717","Cereals, primary","1978","1978","t","2456051","A","Official value",""
"QCL","Crops and livestock products","212","Syrian Arab Republic","5312","Area harvested","1717","Cereals, primary","1979","1979","ha","2619295","A","Official value",""
"QCL","Crops and livestock products","212","Syrian Arab Republic","5412","Yield","1717","Cereals, primary","1979","1979","kg/ha","673.2","A","Official value",""
"QCL","Crops and livestock products","212","Syrian Arab Republic","5510","Production","1717","Cereals, primary","1979","1979","t","1763198","A","Official value",""
"QCL","Crops and livestock products","212","Syrian Arab Republic","5312","Area harvested","1717","Cereals, primary","1980","1980","ha","2734701","A","Official value",""
"QCL","Crops and livestock products","212","Syrian Arab Republic","5412","Yield","1717","Cereals, primary","1980","1980","kg/ha","1420.4","A","Official value",""
"QCL","Crops and livestock products","212","Syrian Arab Republic","5510","Production","1717","Cereals, primary","1980","1980","t","3884236","A","Official value",""
"QCL","Crops and livestock products","212","Syrian Arab Republic","5312","Area harvested","1717","Cereals, primary","1981","1981","ha","2676133","A","Official value",""
"QCL","Crops and livestock products","212","Syrian Arab Republic","5412","Yield","1717","Cereals, primary","1981","1981","kg/ha","1330","A","Official value",""
"QCL","Crops and livestock products","212","Syrian Arab Republic","5510","Production","1717","Cereals, primary","1981","1981","t","3559272","A","Official value",""
"QCL","Crops and livestock products","212","Syrian Arab Republic","5312","Area harvested","1717","Cereals, primary","1982","1982","ha","2882717","A","Official value",""
"QCL","Crops and livestock products","212","Syrian Arab Republic","5412","Yield","1717","Cereals, primary","1982","1982","kg/ha","792","A","Official value",""
"QCL","Crops and livestock products","212","Syrian Arab Republic","5510","Production","1717","Cereals, primary","1982","1982","t","2283042","A","Official value",""
"QCL","Crops and livestock products","212","Syrian Arab Republic","5312","Area harvested","1717","Cereals, primary","1983","1983","ha","2879931","A","Official value",""
"QCL","Crops and livestock products","212","Syrian Arab Republic","5412","Yield","1717","Cereals, primary","1983","1983","kg/ha","936","A","Official value",""
"QCL","Crops and livestock products","212","Syrian Arab Republic","5510","Production","1717","Cereals, primary","1983","1983","t","2695630","A","Official value",""
"QCL","Crops and livestock products","212","Syrian Arab Republic","5312","Area harvested","1717","Cereals, primary","1984","1984","ha","2471315","A","Official value",""
"QCL","Crops and livestock products","212","Syrian Arab Republic","5412","Yield","1717","Cereals, primary","1984","1984","kg/ha","584.5","A","Official value",""
"QCL","Crops and livestock products","212","Syrian Arab Republic","5510","Production","1717","Cereals, primary","1984","1984","t","1444371","A","Official value",""
"QCL","Crops and livestock products","212","Syrian Arab Republic","5312","Area harvested","1717","Cereals, primary","1985","1985","ha","2719482","A","Official value",""
"QCL","Crops and livestock products","212","Syrian Arab Republic","5412","Yield","1717","Cereals, primary","1985","1985","kg/ha","935.1","A","Official value",""
"QCL","Crops and livestock products","212","Syrian Arab Republic","5510","Production","1717","Cereals, primary","1985","1985","t","2542958","A","Official value",""
"QCL","Crops and livestock products","212","Syrian Arab Republic","5312","Area harvested","1717","Cereals, primary","1986","1986","ha","2713741","A","Official value",""
"QCL","Crops and livestock products","212","Syrian Arab Republic","5412","Yield","1717","Cereals, primary","1986","1986","kg/ha","1167","A","Official value",""
"QCL","Crops and livestock products","212","Syrian Arab Republic","5510","Production","1717","Cereals, primary","1986","1986","t","3166999","A","Official value",""
"QCL","Crops and livestock products","212","Syrian Arab Republic","5312","Area harvested","1717","Cereals, primary","1987","1987","ha","2823735","A","Official value",""
"QCL","Crops and livestock products","212","Syrian Arab Republic","5412","Yield","1717","Cereals, primary","1987","1987","kg/ha","814.7","A","Official value",""
"QCL","Crops and livestock products","212","Syrian Arab Republic","5510","Production","1717","Cereals, primary","1987","1987","t","2300477","A","Official value",""
"QCL","Crops and livestock products","212","Syrian Arab Republic","5312","Area harvested","1717","Cereals, primary","1988","1988","ha","3011928","A","Official value",""
"QCL","Crops and livestock products","212","Syrian Arab Republic","5412","Yield","1717","Cereals, primary","1988","1988","kg/ha","1660.6","A","Official value",""
"QCL","Crops and livestock products","212","Syrian Arab Republic","5510","Production","1717","Cereals, primary","1988","1988","t","5001600","A","Official value",""
"QCL","Crops and livestock products","212","Syrian Arab Republic","5312","Area harvested","1717","Cereals, primary","1989","1989","ha","4196100","A","Official value",""
"QCL","Crops and livestock products","212","Syrian Arab Republic","5412","Yield","1717","Cereals, primary","1989","1989","kg/ha","334.7","A","Official value",""
"QCL","Crops and livestock products","212","Syrian Arab Republic","5510","Production","1717","Cereals, primary","1989","1989","t","1404498","A","Official value",""
"QCL","Crops and livestock products","212","Syrian Arab Republic","5312","Area harvested","1717","Cereals, primary","1990","1990","ha","4134422","A","Official value",""
"QCL","Crops and livestock products","212","Syrian Arab Republic","5412","Yield","1717","Cereals, primary","1990","1990","kg/ha","750","A","Official value",""
"QCL","Crops and livestock products","212","Syrian Arab Republic","5510","Production","1717","Cereals, primary","1990","1990","t","3100767","A","Official value",""
"QCL","Crops and livestock products","212","Syrian Arab Republic","5312","Area harvested","1717","Cereals, primary","1991","1991","ha","3565164","A","Official value",""
"QCL","Crops and livestock products","212","Syrian Arab Republic","5412","Yield","1717","Cereals, primary","1991","1991","kg/ha","922.4","A","Official value",""
"QCL","Crops and livestock products","212","Syrian Arab Republic","5510","Production","1717","Cereals, primary","1991","1991","t","3288640","A","Official value",""
"QCL","Crops and livestock products","212","Syrian Arab Republic","5312","Area harvested","1717","Cereals, primary","1992","1992","ha","3711678","A","Official value",""
"QCL","Crops and livestock products","212","Syrian Arab Republic","5412","Yield","1717","Cereals, primary","1992","1992","kg/ha","1174.8","A","Official value",""
"QCL","Crops and livestock products","212","Syrian Arab Republic","5510","Production","1717","Cereals, primary","1992","1992","t","4360612","A","Official value",""
"QCL","Crops and livestock products","212","Syrian Arab Republic","5312","Area harvested","1717","Cereals, primary","1993","1993","ha","3617288","A","Official value",""
"QCL","Crops and livestock products","212","Syrian Arab Republic","5412","Yield","1717","Cereals, primary","1993","1993","kg/ha","1489.3","A","Official value",""
"QCL","Crops and livestock products","212","Syrian Arab Republic","5510","Production","1717","Cereals, primary","1993","1993","t","5387053","A","Official value",""
"QCL","Crops and livestock products","212","Syrian Arab Republic","5312","Area harvested","1717","Cereals, primary","1994","1994","ha","3510258","A","Official value",""
"QCL","Crops and livestock products","212","Syrian Arab Republic","5412","Yield","1717","Cereals, primary","1994","1994","kg/ha","1536.5","A","Official value",""
"QCL","Crops and livestock products","212","Syrian Arab Republic","5510","Production","1717","Cereals, primary","1994","1994","t","5393352.46","A","Official value",""
"QCL","Crops and livestock products","212","Syrian Arab Republic","5312","Area harvested","1717","Cereals, primary","1995","1995","ha","3669514","A","Official value",""
"QCL","Crops and livestock products","212","Syrian Arab Republic","5412","Yield","1717","Cereals, primary","1995","1995","kg/ha","1661.1","A","Official value",""
"QCL","Crops and livestock products","212","Syrian Arab Republic","5510","Production","1717","Cereals, primary","1995","1995","t","6095329","A","Official value",""
"QCL","Crops and livestock products","212","Syrian Arab Republic","5312","Area harvested","1717","Cereals, primary","1996","1996","ha","3232998","A","Official value",""
"QCL","Crops and livestock products","212","Syrian Arab Republic","5412","Yield","1717","Cereals, primary","1996","1996","kg/ha","1853.2","A","Official value",""
"QCL","Crops and livestock products","212","Syrian Arab Republic","5510","Production","1717","Cereals, primary","1996","1996","t","5991428","A","Official value",""
"QCL","Crops and livestock products","212","Syrian Arab Republic","5312","Area harvested","1717","Cereals, primary","1997","1997","ha","3395141","A","Official value",""
"QCL","Crops and livestock products","212","Syrian Arab Republic","5412","Yield","1717","Cereals, primary","1997","1997","kg/ha","1273.2","A","Official value",""
"QCL","Crops and livestock products","212","Syrian Arab Republic","5510","Production","1717","Cereals, primary","1997","1997","t","4322580","A","Official value",""
"QCL","Crops and livestock products","212","Syrian Arab Republic","5312","Area harvested","1717","Cereals, primary","1998","1998","ha","3326214","A","Official value",""
"QCL","Crops and livestock products","212","Syrian Arab Republic","5412","Yield","1717","Cereals, primary","1998","1998","kg/ha","1585","A","Official value",""
"QCL","Crops and livestock products","212","Syrian Arab Republic","5510","Production","1717","Cereals, primary","1998","1998","t","5271967","A","Official value",""
"QCL","Crops and livestock products","212","Syrian Arab Republic","5312","Area harvested","1717","Cereals, primary","1999","1999","ha","3078578","A","Official value",""
"QCL","Crops and livestock products","212","Syrian Arab Republic","5412","Yield","1717","Cereals, primary","1999","1999","kg/ha","1072.4","A","Official value",""
"QCL","Crops and livestock products","212","Syrian Arab Republic","5510","Production","1717","Cereals, primary","1999","1999","t","3301339","A","Official value",""
"QCL","Crops and livestock products","212","Syrian Arab Republic","5312","Area harvested","1717","Cereals, primary","2000","2000","ha","3058195","A","Official value",""
"QCL","Crops and livestock products","212","Syrian Arab Republic","5412","Yield","1717","Cereals, primary","2000","2000","kg/ha","1148.6","A","Official value",""
"QCL","Crops and livestock products","212","Syrian Arab Republic","5510","Production","1717","Cereals, primary","2000","2000","t","3512791","A","Official value",""
"QCL","Crops and livestock products","212","Syrian Arab Republic","5312","Area harvested","1717","Cereals, primary","2001","2001","ha","3049377","A","Official value",""
"QCL","Crops and livestock products","212","Syrian Arab Republic","5412","Yield","1717","Cereals, primary","2001","2001","kg/ha","1692.6","A","Official value",""
"QCL","Crops and livestock products","212","Syrian Arab Republic","5510","Production","1717","Cereals, primary","2001","2001","t","5161232","A","Official value",""
"QCL","Crops and livestock products","212","Syrian Arab Republic","5312","Area harvested","1717","Cereals, primary","2002","2002","ha","2975861","A","Official value",""
"QCL","Crops and livestock products","212","Syrian Arab Republic","5412","Yield","1717","Cereals, primary","2002","2002","kg/ha","1993.5","A","Official value",""
"QCL","Crops and livestock products","212","Syrian Arab Republic","5510","Production","1717","Cereals, primary","2002","2002","t","5932429","A","Official value",""
"QCL","Crops and livestock products","212","Syrian Arab Republic","5312","Area harvested","1717","Cereals, primary","2003","2003","ha","3115150","A","Official value",""
"QCL","Crops and livestock products","212","Syrian Arab Republic","5412","Yield","1717","Cereals, primary","2003","2003","kg/ha","1999","A","Official value",""
"QCL","Crops and livestock products","212","Syrian Arab Republic","5510","Production","1717","Cereals, primary","2003","2003","t","6227315","A","Official value",""
"QCL","Crops and livestock products","212","Syrian Arab Republic","5312","Area harvested","1717","Cereals, primary","2004","2004","ha","3186202","A","Official value",""
"QCL","Crops and livestock products","212","Syrian Arab Republic","5412","Yield","1717","Cereals, primary","2004","2004","kg/ha","1657.5","A","Official value",""
"QCL","Crops and livestock products","212","Syrian Arab Republic","5510","Production","1717","Cereals, primary","2004","2004","t","5281248","A","Official value",""
"QCL","Crops and livestock products","212","Syrian Arab Republic","5312","Area harvested","1717","Cereals, primary","2005","2005","ha","3290415","A","Official value",""
"QCL","Crops and livestock products","212","Syrian Arab Republic","5412","Yield","1717","Cereals, primary","2005","2005","kg/ha","1711.4","A","Official value",""
"QCL","Crops and livestock products","212","Syrian Arab Republic","5510","Production","1717","Cereals, primary","2005","2005","t","5631256","A","Official value",""
"QCL","Crops and livestock products","212","Syrian Arab Republic","5312","Area harvested","1717","Cereals, primary","2006","2006","ha","3147586","A","Official value",""
"QCL","Crops and livestock products","212","Syrian Arab Republic","5412","Yield","1717","Cereals, primary","2006","2006","kg/ha","2002.3","A","Official value",""
"QCL","Crops and livestock products","212","Syrian Arab Republic","5510","Production","1717","Cereals, primary","2006","2006","t","6302288","A","Official value",""
"QCL","Crops and livestock products","212","Syrian Arab Republic","5312","Area harvested","1717","Cereals, primary","2007","2007","ha","3088482","A","Official value",""
"QCL","Crops and livestock products","212","Syrian Arab Republic","5412","Yield","1717","Cereals, primary","2007","2007","kg/ha","1622.4","A","Official value",""
"QCL","Crops and livestock products","212","Syrian Arab Republic","5510","Production","1717","Cereals, primary","2007","2007","t","5010856","A","Official value",""
"QCL","Crops and livestock products","212","Syrian Arab Republic","5312","Area harvested","1717","Cereals, primary","2008","2008","ha","2993982","A","Official value",""
"QCL","Crops and livestock products","212","Syrian Arab Republic","5412","Yield","1717","Cereals, primary","2008","2008","kg/ha","896.7","A","Official value",""
"QCL","Crops and livestock products","212","Syrian Arab Republic","5510","Production","1717","Cereals, primary","2008","2008","t","2684688","A","Official value",""
"QCL","Crops and livestock products","212","Syrian Arab Republic","5312","Area harvested","1717","Cereals, primary","2009","2009","ha","2774850","A","Official value",""
"QCL","Crops and livestock products","212","Syrian Arab Republic","5412","Yield","1717","Cereals, primary","2009","2009","kg/ha","1707.7","A","Official value",""
"QCL","Crops and livestock products","212","Syrian Arab Republic","5510","Production","1717","Cereals, primary","2009","2009","t","4738674","A","Official value",""
"QCL","Crops and livestock products","212","Syrian Arab Republic","5312","Area harvested","1717","Cereals, primary","2010","2010","ha","3166445","A","Official value",""
"QCL","Crops and livestock products","212","Syrian Arab Republic","5412","Yield","1717","Cereals, primary","2010","2010","kg/ha","1231.9","A","Official value",""
"QCL","Crops and livestock products","212","Syrian Arab Republic","5510","Production","1717","Cereals, primary","2010","2010","t","3900866","A","Official value",""
"QCL","Crops and livestock products","212","Syrian Arab Republic","5312","Area harvested","1717","Cereals, primary","2011","2011","ha","2874494","A","Official value",""
"QCL","Crops and livestock products","212","Syrian Arab Republic","5412","Yield","1717","Cereals, primary","2011","2011","kg/ha","1679","A","Official value",""
"QCL","Crops and livestock products","212","Syrian Arab Republic","5510","Production","1717","Cereals, primary","2011","2011","t","4826260","A","Official value",""
"QCL","Crops and livestock products","212","Syrian Arab Republic","5312","Area harvested","1717","Cereals, primary","2012","2012","ha","2797563","A","Official value",""
"QCL","Crops and livestock products","212","Syrian Arab Republic","5412","Yield","1717","Cereals, primary","2012","2012","kg/ha","1643.5","A","Official value",""
"QCL","Crops and livestock products","212","Syrian Arab Republic","5510","Production","1717","Cereals, primary","2012","2012","t","4597674","A","Official value",""
"QCL","Crops and livestock products","212","Syrian Arab Republic","5312","Area harvested","1717","Cereals, primary","2013","2013","ha","2668191","A","Official value",""
"QCL","Crops and livestock products","212","Syrian Arab Republic","5412","Yield","1717","Cereals, primary","2013","2013","kg/ha","1576","A","Official value",""
"QCL","Crops and livestock products","212","Syrian Arab Republic","5510","Production","1717","Cereals, primary","2013","2013","t","4205161","A","Official value",""
"QCL","Crops and livestock products","212","Syrian Arab Republic","5312","Area harvested","1717","Cereals, primary","2014","2014","ha","2534198","A","Official value",""
"QCL","Crops and livestock products","212","Syrian Arab Republic","5412","Yield","1717","Cereals, primary","2014","2014","kg/ha","1063.1","A","Official value",""
"QCL","Crops and livestock products","212","Syrian Arab Republic","5510","Production","1717","Cereals, primary","2014","2014","t","2694207.88","A","Official value",""
"QCL","Crops and livestock products","212","Syrian Arab Republic","5312","Area harvested","1717","Cereals, primary","2015","2015","ha","2300160","A","Official value",""
"QCL","Crops and livestock products","212","Syrian Arab Republic","5412","Yield","1717","Cereals, primary","2015","2015","kg/ha","1905.9","A","Official value",""
"QCL","Crops and livestock products","212","Syrian Arab Republic","5510","Production","1717","Cereals, primary","2015","2015","t","4383804","A","Official value",""
"QCL","Crops and livestock products","212","Syrian Arab Republic","5312","Area harvested","1717","Cereals, primary","2016","2016","ha","2400266","A","Official value",""
"QCL","Crops and livestock products","212","Syrian Arab Republic","5412","Yield","1717","Cereals, primary","2016","2016","kg/ha","1108.9","A","Official value",""
"QCL","Crops and livestock products","212","Syrian Arab Republic","5510","Production","1717","Cereals, primary","2016","2016","t","2661613","A","Official value",""
"QCL","Crops and livestock products","212","Syrian Arab Republic","5312","Area harvested","1717","Cereals, primary","2017","2017","ha","2379322","A","Official value",""
"QCL","Crops and livestock products","212","Syrian Arab Republic","5412","Yield","1717","Cereals, primary","2017","2017","kg/ha","1233.4","A","Official value",""
"QCL","Crops and livestock products","212","Syrian Arab Republic","5510","Production","1717","Cereals, primary","2017","2017","t","2934757.33","A","Official value",""
"QCL","Crops and livestock products","212","Syrian Arab Republic","5312","Area harvested","1717","Cereals, primary","2018","2018","ha","2312042","A","Official value",""
"QCL","Crops and livestock products","212","Syrian Arab Republic","5412","Yield","1717","Cereals, primary","2018","2018","kg/ha","750","A","Official value",""
"QCL","Crops and livestock products","212","Syrian Arab Republic","5510","Production","1717","Cereals, primary","2018","2018","t","1733917.83","A","Official value",""
"QCL","Crops and livestock products","212","Syrian Arab Republic","5312","Area harvested","1717","Cereals, primary","2019","2019","ha","2884101","A","Official value",""
"QCL","Crops and livestock products","212","Syrian Arab Republic","5412","Yield","1717","Cereals, primary","2019","2019","kg/ha","2203.9","A","Official value",""
"QCL","Crops and livestock products","212","Syrian Arab Republic","5510","Production","1717","Cereals, primary","2019","2019","t","6356135.92","A","Official value",""
"QCL","Crops and livestock products","212","Syrian Arab Republic","5312","Area harvested","1717","Cereals, primary","2020","2020","ha","2904822","A","Official value",""
"QCL","Crops and livestock products","212","Syrian Arab Republic","5412","Yield","1717","Cereals, primary","2020","2020","kg/ha","1832.3","A","Official value",""
"QCL","Crops and livestock products","212","Syrian Arab Republic","5510","Production","1717","Cereals, primary","2020","2020","t","5322400.4","A","Official value",""
"QCL","Crops and livestock products","212","Syrian Arab Republic","5312","Area harvested","1717","Cereals, primary","2021","2021","ha","3065229","A","Official value",""
"QCL","Crops and livestock products","212","Syrian Arab Republic","5412","Yield","1717","Cereals, primary","2021","2021","kg/ha","820.4","A","Official value",""
"QCL","Crops and livestock products","212","Syrian Arab Republic","5510","Production","1717","Cereals, primary","2021","2021","t","2514776.43","A","Official value",""
"QCL","Crops and livestock products","212","Syrian Arab Republic","5312","Area harvested","1717","Cereals, primary","2022","2022","ha","2396243","A","Official value",""
"QCL","Crops and livestock products","212","Syrian Arab Republic","5412","Yield","1717","Cereals, primary","2022","2022","kg/ha","949.9","A","Official value",""
"QCL","Crops and livestock products","212","Syrian Arab Republic","5510","Production","1717","Cereals, primary","2022","2022","t","2276238","A","Official value",""
"QCL","Crops and livestock products","212","Syrian Arab Republic","5312","Area harvested","1717","Cereals, primary","2023","2023","ha","2688604","A","Official value",""
"QCL","Crops and livestock products","212","Syrian Arab Republic","5412","Yield","1717","Cereals, primary","2023","2023","kg/ha","1814.6","A","Official value",""
"QCL","Crops and livestock products","212","Syrian Arab Republic","5510","Production","1717","Cereals, primary","2023","2023","t","4878705","A","Official value",""
"QCL","Crops and livestock products","212","Syrian Arab Republic","5312","Area harvested","1717","Cereals, primary","2024","2024","ha","2695375","A","Official value",""
"QCL","Crops and livestock products","212","Syrian Arab Republic","5412","Yield","1717","Cereals, primary","2024","2024","kg/ha","1606.8","A","Official value",""
"QCL","Crops and livestock products","212","Syrian Arab Republic","5510","Production","1717","Cereals, primary","2024","2024","t","4330802","A","Official value",""
