"Category","Precipitation (Annual Mean mm)","5-year smooth (Gaussian Smooth)"
1901,217.07,259.61
1902,350.09,278.29
1903,252.73,296.26
1904,351.37,312.85
1905,300.44,327.27
1906,356.04,338.84
1907,348.28,346.97
1908,342.7,351.84
1909,328,353.89
1910,319.48,353.61
1911,425.7,351.48
1912,340.51,347.96
1913,352.82,343.57
1914,344.56,338.79
1915,276.39,334.15
1916,338.07,330.12
1917,314.88,327.22
1918,372.53,325.51
1919,326.99,324.61
1920,314.05,324.15
1921,334,323.75
1922,310.99,323.03
1923,311.08,321.61
1924,340.94,319.1
1925,266.09,315.15
1926,342.67,309.37
1927,297.25,301.4
1928,309.19,291.37
1929,279.86,280.87
1930,246.55,271.6
1931,313.73,265.28
1932,216.72,263.65
1933,226.6,267.86
1934,293.98,276.85
1935,374.76,288.96
1936,293.97,302.61
1937,254.43,316.08
1938,358.17,327.85
1939,326.84,336.98
1940,367.27,342.75
1941,286.67,344.42
1942,351.19,341.31
1943,324.52,332.89
1944,386.16,320.99
1945,283.85,309.06
1946,297.34,300.46
1947,265.45,298.62
1948,371.95,306.78
1949,318.68,323.72
1950,328.65,343.86
1951,327.12,361.45
1952,309.47,370.73
1953,422.82,365.96
1954,416.7,346.07
1955,258.08,317.12
1956,277.83,285.65
1957,331.18,258.52
1958,208.07,242.27
1959,228.55,240.77
1960,193.17,251.12
1961,319.08,269.26
1962,248.39,291.26
1963,410.53,313.13
1964,293.02,331.52
1965,332.71,345.25
1966,277.54,353.91
1967,421.42,356.99
1968,396.63,353.99
1969,392.07,344.78
1970,225.38,331.37
1971,345.77,316.68
1972,301.18,303.6
1973,198.84,295.12
1974,371.93,293.85
1975,311.57,299.15
1976,374.5,308.29
1977,298.31,318.44
1978,274.88,326.85
1979,313.91,330.8
1980,343.37,329.66
1981,358.11,324.83
1982,310.55,317.83
1983,304.72,310.16
1984,276.98,303.3
1985,261.82,298.21
1986,298.72,294.97
1987,343.8,293.56
1988,451.22,294.01
1989,172.96,296.31
1990,201.13,300.17
1991,330.85,304.57
1992,346.18,308.38
1993,285.81,310.45
1994,381.33,309.66
1995,224.21,305.35
1996,363.36,298.72
1997,312.01,291.51
1998,261.01,285.41
1999,184.58,282.11
2000,289.07,282.97
2001,331.42,286.94
2002,308.02,292
2003,369.2,296.16
2004,295.54,297.38
2005,255.24,293.87
2006,285.11,286.22
2007,259.03,276.61
2008,183.77,267.18
2009,293.4,260.19
2010,223.46,257.7
2011,304.65,260.2
2012,360.37,266.54
2013,278.83,275.44
2014,262.47,285.69
2015,282.63,296.05
2016,298.45,305.38
2017,197.63,312.62
2018,370.27,316.8
2019,380.62,316.9
2020,326.59,311.9
2021,237.42,301.39
2022,277.85,286.3
2023,299.11,267.78
2024,291.59,246.9
2025,182.98,224.93